Player,Position,Base,Team,Sex,League
Novak Djokovic,Singles,8541010.41,-,M,ATP
Roger Federer,Singles,6497334.15,-,M,ATP
Rafael Nadal,Singles,6145260.7,-,M,ATP
Andy Murray,Singles,20597789.33,-,M,ATP
Pete Sampras,Singles,3091463.5,-,M,ATP
Stan Wawrinka,Singles,11513413,-,M,ATP
Andre Agassi,Singles,3894121.88,-,M,ATP
Marin Cilic,Singles,28210692,-,M,ATP
Dominic Thiem,Singles,27302125,-,M,ATP
Juan Martin del Potro,Singles,25889586,-,M,ATP
Boris Becker,Singles,4180159.33,-,M,ATP
Yevgeny Kafelnikov,Singles,11941898.5,-,M,ATP
Ivan Lendl,Singles,2657802.13,-,M,ATP
Lleyton Hewitt,Singles,10444982.5,-,M,ATP
Andy Roddick,Singles,20640030,-,M,ATP
Stefan Edberg,Singles,3435573.5,-,M,ATP
Goran Ivanisevic,Singles,19878007,-,M,ATP
Michael Chang,Singles,19145632,-,M,ATP
Gustavo Kuerten,Singles,4935666.67,-,M,ATP
Marat Safin,Singles,7186645.5,-,M,ATP
Jim Courier,Singles,3508533,-,M,ATP
Juan Carlos Ferrero,Singles,13998165,-,M,ATP
Carlos Moya,Singles,13443970,-,M,ATP
Michael Stich,Singles,12595128,-,M,ATP
John McEnroe,Singles,1793161.71,-,M,ATP
Thomas Muster,Singles,12266977,-,M,ATP
Sergi Bruguera,Singles,5816099.5,-,M,ATP
Patrick Rafter,Singles,5566564,-,M,ATP
Petr Korda,Singles,10448900,-,M,ATP
Richard Krajicek,Singles,10077425,-,M,ATP
Jimmy Connors,Singles,1080130,-,M,ATP
Brittney Griner  PHX,C,215000,PHX,F,WNBA
Astou Ndour  DAL,C,185000,DAL,F,WNBA
Stefanie Dolson  CHI,C,180250,CHI,F,WNBA
Tina Charles  WAS,C,175000,WAS,F,WNBA
Elizabeth Williams  ATL,C,117000,ATL,F,WNBA
Sylvia Fowles  MIN,C,115627,MIN,F,WNBA
Amanda Zahui B  NY,C,110000, NY,F,WNBA
Natalie Achonwa  IND,C,107000,IND,F,WNBA
Kiah Stokes  NY,C,91000, NY,F,WNBA
Kayla Alexander  MIN,C,68000,MIN,F,WNBA
Brionna Jones  CON,C,68000,CON,F,WNBA
Imani McGee-Stafford  DAL,C,68000,DAL,F,WNBA
Brittany Brewer  ATL,C,59750,ATL,F,WNBA
Luisa Geiselsoder  DAL,C,59750,DAL,F,WNBA
Alaina Coates  WAS,C,57000,WAS,F,WNBA
Bernadett Határ  IND,C,57000,IND,F,WNBA
Teaira McCowan  IND,C,57000,IND,F,WNBA
JiSu Park  LV,C,57000,LV,F,WNBA
A'ja Wilson  LV,C,57000,LV,F,WNBA
Kalani Brown  ATL,C,57000,ATL,F,WNBA
Kristine Anigwe  LA,C,57000,LA,F,WNBA
Marie Gülich  LA,C,57000,LA,F,WNBA
Han Xu  NY,C,57000,NY,F,WNBA
Ezi Magbegor  SEA,C,57000,SEA,F,WNBA
Mercedes Russell  SEA,C,57000,SEA,F,WNBA
DeWanna Bonner  CON,F,215000,CON,F,WNBA
Elena Delle Donne  WAS,F,215000,WAS,F,WNBA
Emma Meesseman  WAS,F,215000,WAS,F,WNBA
Angel McCoughtry  LV,F,185000,LV,F,WNBA
Jonquel Jones  CON,F,185000,CON,F,WNBA
Breanna Stewart  SEA,F,185000,SEA,F,WNBA
Shekinna Stricklen  ATL,F,170000,ATL,F,WNBA
Glory Johnson  ATL,F,165000,ATL,F,WNBA
Isabelle Harrison  DAL,F,150000,DAL,F,WNBA
Chiney Ogwumike  LA,F,119500,LA,F,WNBA
Candace Parker  LA,F,119500,LA,F,WNBA
Candice Dupree  IND,F,119500,IND,F,WNBA
Dearica Hamby  LV,F,117000,LV,F,WNBA
Nneka Ogwumike  LA,F,117000,LA,F,WNBA
Jantel Lavender  CHI,F,117000,CHI,F,WNBA
Alyssa Thomas  CON,F,117000,CON,F,WNBA
Maya Moore  MIN,F,117000,MIN,F,WNBA
Jessica Breland  PHX,F,117000,PHX,F,WNBA
Natasha Howard  SEA,F,117000,SEA,F,WNBA
LaToya Sanders  WAS,F,117000,WAS,F,WNBA
Morgan Tuck  SEA,F,115000,SEA,F,WNBA
Cheyenne Parker  CHI,F,110000,CHI,F,WNBA
Damiris Dantas  MIN,F,105000,MIN,F,WNBA
Crystal Langhorne  SEA,F,105000,SEA,F,WNBA
Karima Christmas-Kelly  MIN,F,104000,MIN,F,WNBA
Theresa Plaisance  CON,F,104000,CON,F,WNBA
Kayla Thornton  DAL,F,87700,DAL,F,WNBA
Alysha Clark  SEA,F,85800,SEA,F,WNBA
Aerial Powers  WAS,F,80000,WAS,F,WNBA
Kaleena Mosqueda-Lewis  CON,F,71400,CON,F,WNBA
Tianna Hawkins  WAS,F,71400,WAS,F,WNBA
Erica McCall  MIN,F,68000,MIN,F,WNBA
Nia Coffey  PHX,F,68000,PHX,F,WNBA
Satou Sabally  DAL,F,68000,DAL,F,WNBA
Lauren Cox  IND,F,68000,IND,F,WNBA
Ruthy Hebard  CHI,F,65250,CHI,F,WNBA
Mikiah Herbert Harrigan  MIN,F,65250,MIN,F,WNBA
Megan Walker  NY,F,62500,NY,F,WNBA
Jocelyn Willoughby  NY,F,62500,NY,F,WNBA
Megan Gustafson  DAL,F,62000,DAL,F,WNBA
Jaylyn Agnew  ATL,F,59750,ATL,F,WNBA
Leonie Fiebich  LA,F,59750,LA,F,WNBA
Beatrice Mompremier  CON,F,59750,CON,F,WNBA
Joyner Holmes  NY,F,59750,NY,F,WNBA
Leaonna Odom  NY,F,59750,NY,F,WNBA
Kylee Shook  NY,F,59750,NY,F,WNBA
Gabby Williams  CHI,F,58978,CHI,F,WNBA
Myisha Hines-Allen  WAS,F,57000,WAS,F,WNBA
Stephanie Mavunga  IND,F,57000,IND,F,WNBA
Monique Billings  ATL,F,57000,ATL,F,WNBA
Kaela Davis  ATL,F,57000,ATL,F,WNBA
Kobi Thornton  ATL,F,57000,ATL,F,WNBA
Reshanda Gray  LA,F,57000,LA,F,WNBA
Maria Vadeeva  LA,F,57000,LA,F,WNBA
Maria Conde  CHI,F,57000,CHI,F,WNBA
Kiah Gillespie  CHI,F,57000,CHI,F,WNBA
Azurá Stevens  CHI,F,57000,CHI,F,WNBA
Napheesa Collier  MIN,F,57000,MIN,F,WNBA
Jessica Shepard  MIN,F,57000,MIN,F,WNBA
Alanna Smith  PHX,F,57000,PHX,F,WNBA
Brianna Turner  PHX,F,57000,PHX,F,WNBA
DustinJohnsonUSA,-,398051.43,USA,M,PGA
JustinThomasUSA,-,363929.6,USA,M,PGA
BrooksKoepkaUSA,-,332692.65,USA,M,PGA
JustinRoseENG,-,307513.92,ENG,M,PGA
TigerWoodsUSA,-,288755.98,USA,M,PGA
RoryMcIlroyNIR,-,279100.89,NIR,M,PGA
JonRahmESP,-,255699.32,ESP,M,PGA
BrysonDeChambeauUSA,-,216452.55,USA,M,PGA
CollinMorikawaUSA,-,212295.7,USA,M,PGA
WebbSimpsonUSA,-,206528.64,USA,M,PGA
RickieFowlerUSA,-,204703.05,USA,M,PGA
FrancescoMolinariITA,-,203151.43,ITA,M,PGA
PatrickCantlayUSA,-,198015,USA,M,PGA
HidekiMatsuyamaJPN,-,192189.69,JPN,M,PGA
JasonDayAUS,-,180964.09,AUS,M,PGA
XanderSchauffeleUSA,-,180420.18,USA,M,PGA
MarcLeishmanAUS,-,178992.65,AUS,M,PGA
TommyFleetwoodENG,-,177428.74,ENG,M,PGA
PaulCaseyENG,-,171450.57,ENG,M,PGA
JordanSpiethUSA,-,167728.83,USA,M,PGA
PatrickReedUSA,-,165964.67,USA,M,PGA
TonyFinauUSA,-,163019.63,USA,M,PGA
BubbaWatsonUSA,-,146183.14,USA,M,PGA
AdamScottAUS,-,145667.45,AUS,M,PGA
HenrikStensonSWE,-,144525.76,SWE,M,PGA
PhilMickelsonUSA,-,143651.91,USA,M,PGA
GaryWoodlandUSA,-,141191.2,USA,M,PGA
MattKucharUSA,-,138687.13,USA,M,PGA
KevinKisnerUSA,-,132801.63,USA,M,PGA
TyrrellHattonENG,-,130612.78,ENG,M,PGA
MatthewWolffUSA,-,124647.62,USA,M,PGA
EddiePepperellENG,-,124509.21,ENG,M,PGA
LouisOosthuizenRSA,-,124044.39,RSA,M,PGA
CameronSmithAUS,-,122241.89,AUS,M,PGA
BillyHorschelUSA,-,122046.34,USA,M,PGA
KevinNaUSA,-,118107.58,USA,M,PGA
IanPoulterENG,-,117844.9,ENG,M,PGA
DanielBergerUSA,-,117385.88,USA,M,PGA
PatPerezUSA,-,111719.17,USA,M,PGA
SungjaeImKOR,-,111623.18,KOR,M,PGA
SergioGarciaESP,-,104474.95,ESP,M,PGA
KyleStanleyUSA,-,101921.2,USA,M,PGA
AlexNorenSWE,-,100435.4,SWE,M,PGA
RafaCabreraBelloESP,-,100084.31,ESP,M,PGA
KeeganBradleyUSA,-,100052.14,USA,M,PGA
BrandtSnedekerUSA,-,97624.37,USA,M,PGA
BrianHarmanUSA,-,96860.74,USA,M,PGA
ByeongHunAnKOR,-,93935.11,KOR,M,PGA
AdamHadwinCAN,-,93023.6,CAN,M,PGA
RyanPalmerUSA,-,89804.73,USA,M,PGA
ChezReavieUSA,-,89581.5,USA,M,PGA
CharlesHowellIIIUSA,-,89580.23,USA,M,PGA
ScottieSchefflerUSA,-,88925.56,USA,M,PGA
ViktorHovlandNOR,-,88677,NOR,M,PGA
BrendanSteeleUSA,-,87780.37,USA,M,PGA
JoaquinNiemannCHI,-,85678.09,CHI,M,PGA
AbrahamAncerMEX,-,82973.53,MEX,M,PGA
AaronWiseUSA,-,82603.66,USA,M,PGA
AndrewPutnamUSA,-,80774.12,USA,M,PGA
RyanMooreUSA,-,80390.52,USA,M,PGA
ShaneLowryIRL,-,80205.3,IRL,M,PGA
CharlSchwartzelRSA,-,78157.82,RSA,M,PGA
AndrewLandryUSA,-,76820.38,USA,M,PGA
KevinChappellUSA,-,76402.48,USA,M,PGA
EmilianoGrilloARG,-,75661.1,ARG,M,PGA
CharleyHoffmanUSA,-,74912.1,USA,M,PGA
ThomasPietersBEL,-,74644.18,BEL,M,PGA
RussellHenleyUSA,-,74372.06,USA,M,PGA
AdamLongUSA,-,73748.46,USA,M,PGA
PattonKizzireUSA,-,73390.78,USA,M,PGA
ScottPiercyUSA,-,73264.21,USA,M,PGA
MatthewFitzpatrickENG,-,73044.43,ENG,M,PGA
SiWooKimKOR,-,72912.91,KOR,M,PGA
MattWallaceENG,-,71707.59,ENG,M,PGA
DocRedmanUSA,-,71094.63,USA,M,PGA
LukeListUSA,-,70357.94,USA,M,PGA
ZachJohnsonUSA,-,69628.41,USA,M,PGA
J.B.HolmesUSA,-,68587.09,USA,M,PGA
CameronChampUSA,-,67974.9,USA,M,PGA
JasonDufnerUSA,-,67310.69,USA,M,PGA
AndyZhangCHN,-,67125,CHN,M,PGA
OscarFraustroMEX,-,66702,MEX,M,PGA
TomLewisENG,-,66683.81,ENG,M,PGA
ChessonHadleyUSA,-,66466.89,USA,M,PGA
WillGordonUSA,-,66203.25,USA,M,PGA
JasonKokrakUSA,-,66056.82,USA,M,PGA
KevinStreelmanUSA,-,65661.53,USA,M,PGA
BrandenGraceRSA,-,64907.02,RSA,M,PGA
JohnOdaUSA,-,64520,USA,M,PGA
BrendonToddUSA,-,64170.68,USA,M,PGA
KeithMitchellUSA,-,63393.95,USA,M,PGA
SungKangKOR,-,63248.93,KOR,M,PGA
LucasGloverUSA,-,63090.88,USA,M,PGA
SebastiánMuñozCOL,-,60411.75,COL,M,PGA
AustinCookUSA,-,60019.42,USA,M,PGA
JoelDahmenUSA,-,59914.07,USA,M,PGA
JhonattanVegasVEN,-,59459.72,VEN,M,PGA
GrahamDeLaetCAN,-,59396.81,CAN,M,PGA
JimFurykUSA,-,58201.28,USA,M,PGA
C.T.PanTPE,-,58072.32,TPE,M,PGA
StewartCinkUSA,-,57518.55,USA,M,PGA
JimmyWalkerUSA,-,57043.74,USA,M,PGA
MaxHomaUSA,-,56105.87,USA,M,PGA
BeauHosslerUSA,-,55578.1,USA,M,PGA
HenrikNorlanderSWE,-,55385.84,SWE,M,PGA
CoreyConnersCAN,-,54902.59,CAN,M,PGA
DannyLeeNZL,-,54737.54,NZL,M,PGA
RyanArmourUSA,-,54281.59,USA,M,PGA
LeeWestwoodENG,-,54240,ENG,M,PGA
ChrisPaisleyENG,-,54225,ENG,M,PGA
SeanO'HairUSA,-,53801.78,USA,M,PGA
AlexKangUSA,-,52605,USA,M,PGA
KiradechAphibarnratTHA,-,52593.82,THA,M,PGA
DylanFrittelliRSA,-,52328.13,RSA,M,PGA
CarlosOrtizMEX,-,52128.94,MEX,M,PGA
BrianGayUSA,-,51319.57,USA,M,PGA
BudCauleyUSA,-,51280.23,USA,M,PGA
TedPotterJr.USA,-,51029.41,USA,M,PGA
J.T.PostonUSA,-,50709.93,USA,M,PGA
KevinTwayUSA,-,50657.25,USA,M,PGA
J.J.SpaunUSA,-,50533.89,USA,M,PGA
RussellKnoxSCO,-,50359.32,SCO,M,PGA
HarryHiggsUSA,-,50062.8,USA,M,PGA
AnirbanLahiriIND,-,50044.41,IND,M,PGA
JamesHahnUSA,-,50003.62,USA,M,PGA
JamieLovemarkUSA,-,49856.96,USA,M,PGA
LantoGriffinUSA,-,49434.76,USA,M,PGA
PeterUihleinUSA,-,49145.06,USA,M,PGA
RorySabbatiniSVK,-,48828.57,SVK,M,PGA
NateLashleyUSA,-,48784.12,USA,M,PGA
MackenzieHughesCAN,-,48466.69,CAN,M,PGA
SatoshiKodairaJPN,-,48261.27,JPN,M,PGA
MatthewSouthgateENG,-,47071.43,ENG,M,PGA
VaughnTaylorUSA,-,46841.51,USA,M,PGA
HarrisEnglishUSA,-,46658.01,USA,M,PGA
SteveStrickerUSA,-,46581.85,USA,M,PGA
ChrisKirkUSA,-,46387.18,USA,M,PGA
TroyMerrittUSA,-,46342.19,USA,M,PGA
KellyKraftUSA,-,46135.27,USA,M,PGA
MartinLairdSCO,-,45707.53,SCO,M,PGA
WheeKimKOR,-,45483.44,KOR,M,PGA
GraemeMcDowellNIR,-,45423.9,NIR,M,PGA
MichaelThompsonUSA,-,45372.11,USA,M,PGA
PatrickRodgersUSA,-,45326.43,USA,M,PGA
HaroldVarnerIIIUSA,-,44948.93,USA,M,PGA
OllieSchniederjansUSA,-,44635.77,USA,M,PGA
WesleyBryanUSA,-,44228.43,USA,M,PGA
BillHaasUSA,-,44071.68,USA,M,PGA
NickWatneyUSA,-,43843.97,USA,M,PGA
RobbySheltonUSA,-,43431.81,USA,M,PGA
NickTaylorCAN,-,43290.42,CAN,M,PGA
BronsonBurgoonUSA,-,43257.98,USA,M,PGA
ScottHarringtonUSA,-,43236.86,USA,M,PGA
SamBurnsUSA,-,42156.53,USA,M,PGA
JulianSuriUSA,-,42151.04,USA,M,PGA
BriceGarnettUSA,-,42002.03,USA,M,PGA
RichyWerenskiUSA,-,41944.51,USA,M,PGA
DannyWillettENG,-,41704.36,ENG,M,PGA
HudsonSwaffordUSA,-,41611.25,USA,M,PGA
SeppStrakaAUT,-,41506.7,AUT,M,PGA
ScottBrownUSA,-,41299.64,USA,M,PGA
A.J.McInerneyUSA,-,41230.75,USA,M,PGA
MarkHubbardUSA,-,40844.9,USA,M,PGA
TomHogeUSA,-,40593.48,USA,M,PGA
JimHermanUSA,-,39623.72,USA,M,PGA
TalorGoochUSA,-,39550.76,USA,M,PGA
GraysonMurrayUSA,-,38741.62,USA,M,PGA
WilliamMcGirtUSA,-,38405.15,USA,M,PGA
ChaseSeiffertUSA,-,38232.12,USA,M,PGA
ErikvanRooyenRSA,-,38108.65,RSA,M,PGA
SeungsuHanUSA,-,38104.5,USA,M,PGA
SamRyderUSA,-,38052.6,USA,M,PGA
FredCouplesUSA,-,37797.14,USA,M,PGA
ScottStallingsUSA,-,37562.28,USA,M,PGA
HaotongLiCHN,-,37557,CHN,M,PGA
MatthiasSchwabAUT,-,37356.14,AUT,M,PGA
RyanYipCAN,-,37259.33,CAN,M,PGA
TylerDuncanUSA,-,36934.47,USA,M,PGA
WyndhamClarkUSA,-,36852.33,USA,M,PGA
MartinKaymerGER,-,36657.6,GER,M,PGA
PaulDunneIRL,-,36270.89,IRL,M,PGA
JordanLSmithENG,-,35714.29,ENG,M,PGA
TreyMullinaxUSA,-,35703.88,USA,M,PGA
MaverickMcNealyUSA,-,35227.91,USA,M,PGA
BrandonWuUSA,-,34597.4,USA,M,PGA
BrianStuardUSA,-,34168.21,USA,M,PGA
BernhardLangerGER,-,33548,GER,M,PGA
BenKernUSA,-,33281,USA,M,PGA
Kyoung-HoonLeeKOR,-,33171.63,KOR,M,PGA
JustinHardingRSA,-,32883.63,RSA,M,PGA
DennyMcCarthyUSA,-,32635.74,USA,M,PGA
MatthewNeSmithUSA,-,32634.67,USA,M,PGA
Seung-YulNohKOR,-,32359.66,KOR,M,PGA
WesRoachUSA,-,32235.14,USA,M,PGA
MichaelKimUSA,-,31706.26,USA,M,PGA
ChrisStroudUSA,-,31366.18,USA,M,PGA
BrandonHarkinsUSA,-,31359.83,USA,M,PGA
RyanBlaumUSA,-,31189.19,USA,M,PGA
AaronBaddeleyAUS,-,31180.72,AUS,M,PGA
MattJonesAUS,-,31113.84,AUS,M,PGA
AlexCejkaGER,-,31083.42,GER,M,PGA
SeanCrockerUSA,-,31000,USA,M,PGA
JonasBlixtSWE,-,30758.71,SWE,M,PGA
DaisukeKataokaJPN,-,30185.2,JPN,M,PGA
DavisRileyUSA,-,29943.67,USA,M,PGA
BerndWiesbergerAUT,-,29726.29,AUT,M,PGA
ChadCampbellUSA,-,29652.95,USA,M,PGA
DylanMeyerUSA,-,29101.39,USA,M,PGA
SamSaundersUSA,-,28749.07,USA,M,PGA
CameronDavisAUS,-,28634.61,AUS,M,PGA
MorganHoffmannUSA,-,28338.32,USA,M,PGA
BoHoagUSA,-,28250.82,USA,M,PGA
SeamusPowerIRL,-,28178.66,IRL,M,PGA
LukeDonaldENG,-,27819.2,ENG,M,PGA
RyanFoxNZL,-,27646.71,NZL,M,PGA
ChristiaanBezuidenhoutRSA,-,27476,RSA,M,PGA
RossFisherENG,-,27431.3,ENG,M,PGA
JohnHuhUSA,-,27274.86,USA,M,PGA
JohnsonWagnerUSA,-,27243.99,USA,M,PGA
ZackSucherUSA,-,27148.24,USA,M,PGA
RafaelCamposPUR,-,27104.47,PUR,M,PGA
BenMartinUSA,-,27000.86,USA,M,PGA
RogerSloanCAN,-,26966.08,CAN,M,PGA
JoshTeaterUSA,-,26964.69,USA,M,PGA
RobertStrebUSA,-,26839.13,USA,M,PGA
BrandonStoneRSA,-,26753.74,RSA,M,PGA
CamiloVillegasCOL,-,26487,COL,M,PGA
CameronTringaleUSA,-,26151.34,USA,M,PGA
AdamSchenkUSA,-,25999.39,USA,M,PGA
CameronPercyAUS,-,25966.63,AUS,M,PGA
JosephBramlettUSA,-,25960.3,USA,M,PGA
JimKnousUSA,-,25711.24,USA,M,PGA
DominicBozzelliUSA,-,25674.27,USA,M,PGA
LucasBjerregaardDEN,-,25604.96,DEN,M,PGA
HankLebiodaUSA,-,25433.53,USA,M,PGA
ChrisNaegelUSA,-,25426,USA,M,PGA
MartinPillerUSA,-,25397.74,USA,M,PGA
DavidHearnCAN,-,25284.07,CAN,M,PGA
XinjunZhangCHN,-,24977.47,CHN,M,PGA
DerekFathauerUSA,-,24667.68,USA,M,PGA
DavidLingmerthSWE,-,24547.78,SWE,M,PGA
K.T.KimKOR,-,24314.29,KOR,M,PGA
RetiefGoosenRSA,-,24275.66,RSA,M,PGA
BenCraneUSA,-,24144.09,USA,M,PGA
RobertGarrigusUSA,-,24067.27,USA,M,PGA
CameronWilsonUSA,-,23959,USA,M,PGA
JohnPetersonUSA,-,23815.86,USA,M,PGA
BenSilvermanCAN,-,23268.85,CAN,M,PGA
ScottHendAUS,-,23241.08,AUS,M,PGA
ChanKimUSA,-,23229.78,USA,M,PGA
Young-hanSongKOR,-,23092.67,KOR,M,PGA
RodPamplingAUS,-,23039.76,AUS,M,PGA
BlayneBarberUSA,-,22807.83,USA,M,PGA
ZacBlairUSA,-,22693.8,USA,M,PGA
ThorbjørnOlesenDEN,-,22606.74,DEN,M,PGA
CurtisLuckAUS,-,22534.62,AUS,M,PGA
TyroneVanAswegenRSA,-,22462,RSA,M,PGA
MJDaffueRSA,-,22313.33,RSA,M,PGA
BrandonHagyUSA,-,22108.68,USA,M,PGA
TomLoveladyUSA,-,22103.04,USA,M,PGA
ShawnStefaniUSA,-,22090.74,USA,M,PGA
GarrettOsbornUSA,-,21862.5,USA,M,PGA
JohnVanDerLaanUSA,-,21700,USA,M,PGA
GeorgeCunninghamUSA,-,21691.2,USA,M,PGA
ChaseKoepkaUSA,-,21452,USA,M,PGA
AndresRomeroARG,-,21401,ARG,M,PGA
JerryKellyUSA,-,20893.12,USA,M,PGA
CodyGribbleUSA,-,20760.16,USA,M,PGA
MattEveryUSA,-,20523.45,USA,M,PGA
MartinFloresUSA,-,20476.62,USA,M,PGA
RobertoCastroUSA,-,20081.78,USA,M,PGA
ChrisWoodENG,-,20054.47,ENG,M,PGA
D.J.TrahanUSA,-,19994.9,USA,M,PGA
PeterMalnatiUSA,-,19881.15,USA,M,PGA
JonathanRandolphUSA,-,19724.01,USA,M,PGA
SebastianCappelenDEN,-,19551.68,DEN,M,PGA
DanielSummerhaysUSA,-,19046.24,USA,M,PGA
AndrewDornUSA,-,19046,USA,M,PGA
AndrewJohnstonENG,-,19007.17,ENG,M,PGA
FabiánGómezARG,-,19001.42,ARG,M,PGA
D.A.PointsUSA,-,18587.65,USA,M,PGA
JonathanByrdUSA,-,18579.01,USA,M,PGA
DougGhimUSA,-,18440.33,USA,M,PGA
StephanJaegerGER,-,18419.33,GER,M,PGA
BradenBaileyUSA,-,18263,USA,M,PGA
AlvaroOrtizMEX,-,18257,MEX,M,PGA
TimWilkinsonNZL,-,18126.87,NZL,M,PGA
DavidLipskyUSA,-,18086.77,USA,M,PGA
KramerHickokUSA,-,17899.35,USA,M,PGA
JuliánEtulainARG,-,17882.43,ARG,M,PGA
TylerMcCumberUSA,-,17783.91,USA,M,PGA
NicholasLindheimUSA,-,17665.72,USA,M,PGA
JazzJanewattananondTHA,-,17638.46,THA,M,PGA
GeoffOgilvyAUS,-,17297.43,AUS,M,PGA
SoominLeeKOR,-,17210,KOR,M,PGA
MartinTrainerUSA,-,16992.11,USA,M,PGA
J.J.HenryUSA,-,16373.88,USA,M,PGA
MichaelPutnamUSA,-,16373,USA,M,PGA
SteveWheatcroftUSA,-,16295.26,USA,M,PGA
RickyBarnesUSA,-,16081.62,USA,M,PGA
YiKeunChangKOR,-,15979.33,KOR,M,PGA
K.J.ChoiKOR,-,15911.84,KOR,M,PGA
JeremyGandonFRA,-,15900,FRA,M,PGA
BooWeekleyUSA,-,15887.44,USA,M,PGA
EthanTracyUSA,-,15847.52,USA,M,PGA
RobOppenheimUSA,-,15654.41,USA,M,PGA
HunterMahanUSA,-,15411.33,USA,M,PGA
ShubhankarSharmaIND,-,15317.59,IND,M,PGA
VijaySinghFIJ,-,15247.33,FIJ,M,PGA
JosédeJesúsRodríguezMEX,-,15169.31,MEX,M,PGA
AndresGonzalesUSA,-,15074.21,USA,M,PGA
SmylieKaufmanUSA,-,15018.55,USA,M,PGA
ChrisBakerUSA,-,15016.67,USA,M,PGA
KristofferVenturaNOR,-,14898.67,NOR,M,PGA
RichieRamsaySCO,-,14666.67,SCO,M,PGA
AdamSvenssonCAN,-,14490.36,CAN,M,PGA
GrantHirschmanUSA,-,14190,USA,M,PGA
RickLambUSA,-,14170.36,USA,M,PGA
KurtKitayamaUSA,-,14160.64,USA,M,PGA
GeorgeMcNeillUSA,-,14099.17,USA,M,PGA
RobertoDíazMEX,-,14095.62,MEX,M,PGA
SpencerLevinUSA,-,13954.06,USA,M,PGA
VincentWhaleyUSA,-,13838.07,USA,M,PGA
T.J.VogelUSA,-,13752.63,USA,M,PGA
StuartApplebyAUS,-,13730.53,AUS,M,PGA
KyleReifersUSA,-,13620.51,USA,M,PGA
RyoIshikawaJPN,-,13614.12,JPN,M,PGA
DavisLoveIIIUSA,-,13559.84,USA,M,PGA
VictorPerezFRA,-,13510.14,FRA,M,PGA
CaseyWittenbergUSA,-,13464,USA,M,PGA
RyanBrehmUSA,-,13319.3,USA,M,PGA
BillyHurleyIIIUSA,-,13302.39,USA,M,PGA
BrinsonPaoliniUSA,-,13120,USA,M,PGA
JoshuaCreelUSA,-,12958,USA,M,PGA
RomainLangasqueFRA,-,12900,FRA,M,PGA
BrettStegmaierUSA,-,12786.16,USA,M,PGA
MarkAndersonUSA,-,12633.41,USA,M,PGA
GregChalmersAUS,-,12159.62,AUS,M,PGA
PaulGoydosUSA,-,12044.67,USA,M,PGA
JoostLuitenNED,-,11923,NED,M,PGA
HaydenBuckleyUSA,-,11865,USA,M,PGA
SteveMarinoUSA,-,11593.81,USA,M,PGA
RheinGibsonAUS,-,11382.06,AUS,M,PGA
MichaelGligicCAN,-,11352.9,CAN,M,PGA
WillMacKenzieUSA,-,11151.92,USA,M,PGA
PatrickFishburnUSA,-,10650,USA,M,PGA
TimHerronUSA,-,10563.83,USA,M,PGA
AndrewDodtAUS,-,10356.67,AUS,M,PGA
GreysonSiggUSA,-,10201.33,USA,M,PGA
AndrewNovakUSA,-,10143.17,USA,M,PGA
ParkerMcLachlinUSA,-,10110.58,USA,M,PGA
TaeHeeLeeKOR,-,9986.4,KOR,M,PGA
ErnieElsRSA,-,9784.64,RSA,M,PGA
IsaiahSalindaUSA,-,9622.2,USA,M,PGA
DawievanderWaltRSA,-,9473.33,RSA,M,PGA
RyanRuffelsAUS,-,9454.29,AUS,M,PGA
JasonGoreUSA,-,9420.21,USA,M,PGA
PadraigHarringtonIRL,-,9251.18,IRL,M,PGA
BenjaminHebertFRA,-,9231.25,FRA,M,PGA
LucasHerbertAUS,-,9196.5,AUS,M,PGA
ConradShindlerUSA,-,9141.41,USA,M,PGA
ÁngelCabreraARG,-,8970.89,ARG,M,PGA
SangmoonBaeKOR,-,8899.94,KOR,M,PGA
SantiagoRivasCOL,-,8784,COL,M,PGA
GradyBrameUSA,-,8686,USA,M,PGA
YutaIkedaJPN,-,8594.03,JPN,M,PGA
JohnMerrickUSA,-,8553.02,USA,M,PGA
SSPChawrasiaIND,-,8484,IND,M,PGA
DeanBurmesterRSA,-,8475.33,RSA,M,PGA
MichaelGellermanUSA,-,8399.47,USA,M,PGA
DickyPrideUSA,-,8167.18,USA,M,PGA
AndrewLoupeUSA,-,8031.47,USA,M,PGA
JayDonBlakeUSA,-,7595,USA,M,PGA
ZachWrightUSA,-,7316,USA,M,PGA
YusakuMiyazatoJPN,-,7149.71,JPN,M,PGA
RichardSterneRSA,-,7133.33,RSA,M,PGA
Y.E.YangKOR,-,7076.4,KOR,M,PGA
KenDukeUSA,-,6959.28,USA,M,PGA
AdrianOtaeguiESP,-,6700,ESP,M,PGA
HidetoTaniharaJPN,-,6689.8,JPN,M,PGA
JohnSendenAUS,-,6494.37,AUS,M,PGA
AugustoNúñezARG,-,6480,ARG,M,PGA
BobbyGatesUSA,-,6359.71,USA,M,PGA
ShugoImahiraJPN,-,6337.67,JPN,M,PGA
FreddieJacobsonSWE,-,6231.18,SWE,M,PGA
JimmyStangerUSA,-,6120,USA,M,PGA
JamesDriscollUSA,-,5964,USA,M,PGA
CraigBarlowUSA,-,5936.22,USA,M,PGA
BenTaylorENG,-,5869.12,ENG,M,PGA
JulioSantosDOM,-,5830,DOM,M,PGA
ChrisWilsonUSA,-,5822,USA,M,PGA
MichaelBradleyUSA,-,5740.8,USA,M,PGA
EricAxleyUSA,-,5671.08,USA,M,PGA
FredFunkUSA,-,5640,USA,M,PGA
BrendondeJongeZIM,-,5429.24,ZIM,M,PGA
ChipMcDanielUSA,-,5325,USA,M,PGA
ArjunAtwalIND,-,5282.17,IND,M,PGA
RichBeemUSA,-,5135.71,USA,M,PGA
TaylorMooreUSA,-,4930.5,USA,M,PGA
DavidSkinnsENG,-,4930.5,ENG,M,PGA
OlinBrowneUSA,-,4923.33,USA,M,PGA
JasonBohnUSA,-,4798.52,USA,M,PGA
ShintaroBanUSA,-,4704,USA,M,PGA
HeathSlocumUSA,-,4572.94,USA,M,PGA
CharlieWiKOR,-,4550.18,KOR,M,PGA
TommyGaineyUSA,-,4499.97,USA,M,PGA
NicholasThompsonUSA,-,4472,USA,M,PGA
ChrisCouchUSA,-,4457.73,USA,M,PGA
ColtKnostUSA,-,4377.39,USA,M,PGA
JustinSuhUSA,-,4341.83,USA,M,PGA
TroyMattesonUSA,-,4303.62,USA,M,PGA
MattAtkinsUSA,-,4236.32,USA,M,PGA
TrevorImmelmanRSA,-,4217.55,RSA,M,PGA
CarlPetterssonSWE,-,4157.32,SWE,M,PGA
TomWhitneyUSA,-,4031.67,USA,M,PGA
JaredSawadaUSA,-,4000,USA,M,PGA
MarkWilsonUSA,-,3975.76,USA,M,PGA
KevinDoughertyUSA,-,3949.33,USA,M,PGA
WillCannonUSA,-,3920,USA,M,PGA
CooperMusselmanUSA,-,3920,USA,M,PGA
DerekErnstUSA,-,3893.5,USA,M,PGA
ChandlerPhillipsUSA,-,3843.75,USA,M,PGA
WesHomanUSA,-,3796,USA,M,PGA
ZechengDouCHN,-,3791.38,CHN,M,PGA
BrianDavisENG,-,3780.19,ENG,M,PGA
Hyung-SungKimKOR,-,3760,KOR,M,PGA
VinceIndiaUSA,-,3652.5,USA,M,PGA
SteveAllanAUS,-,3525.14,AUS,M,PGA
BobEstesUSA,-,3477.16,USA,M,PGA
NealLancasterUSA,-,3465,USA,M,PGA
CarlosFrancoPAR,-,3195,PAR,M,PGA
DanielChopraSWE,-,3118.92,SWE,M,PGA
DawsonArmstrongUSA,-,3080,USA,M,PGA
RobertAllenbyAUS,-,3017.45,AUS,M,PGA
OmarUrestiUSA,-,2825.9,USA,M,PGA
BoVanPeltUSA,-,2824.33,USA,M,PGA
NelsonLedesmaARG,-,2677.65,ARG,M,PGA
RichardLeeUSA,-,2392.67,USA,M,PGA
DruLoveUSA,-,2307.27,USA,M,PGA
CharlieBeljanUSA,-,2201.79,USA,M,PGA
JohnRollinsUSA,-,2067.31,USA,M,PGA
TomLehmanUSA,-,1993.14,USA,M,PGA
JohnDalyUSA,-,1904.09,USA,M,PGA
VinceCovelloUSA,-,1903.5,USA,M,PGA
AndrewYunUSA,-,1889.36,USA,M,PGA
FabrizioZanottiPAR,-,1665,PAR,M,PGA
JonathanKayeUSA,-,1659.83,USA,M,PGA
MikeWeirCAN,-,1566.52,CAN,M,PGA
BobbyWyattUSA,-,1506.32,USA,M,PGA
BradenThornberryUSA,-,1505.18,USA,M,PGA
ShaunMicheelUSA,-,1440,USA,M,PGA
ChrisSmithUSA,-,1351,USA,M,PGA
CameronBeckmanUSA,-,1336.21,USA,M,PGA
KyleThompsonUSA,-,1105.69,USA,M,PGA
StevenBowditchAUS,-,573.26,AUS,M,PGA
TedPurdyUSA,-,452,USA,M,PGA
Skylar Diggins-Smith  PHX,G,215000,PHX,F,WNBA
Sue Bird  SEA,G,215000,SEA,F,WNBA
Courtney Vandersloot  CHI,G,206000,CHI,F,WNBA
Allie Quigley  CHI,G,200000,CHI,F,WNBA
Jazmine Jones  NY,G,196378,NY,F,WNBA
Chelsea Gray  LA,G,195000,LA,F,WNBA
Courtney Williams  ATL,G,185000,ATL,F,WNBA
Kristi Toliver  LA,G,185000,LA,F,WNBA
Bria Hartley  PHX,G,185000,PHX,F,WNBA
Moriah Jefferson  DAL,G,170000,DAL,F,WNBA
Kahleah Copper  CHI,G,165000,CHI,F,WNBA
Tiffany Mitchell  IND,G,140000,IND,F,WNBA
Danielle Robinson  LV,G,130000,LV,F,WNBA
Bria Holmes  CON,G,130000,CON,F,WNBA
Leilani Mitchell  WAS,G,127000,WAS,F,WNBA
Layshia Clarendon  NY,G,120000,NY,F,WNBA
Briann January  CON,G,119500,CON,F,WNBA
Jasmine Thomas  CON,G,119500,CON,F,WNBA
Diana Taurasi  PHX,G,119500,PHX,F,WNBA
Jewell Loyd  SEA,G,119500,SEA,F,WNBA
Tiffany Hayes  ATL,G,117520,ATL,F,WNBA
Kayla McBride  LV,G,117000,LV,F,WNBA
Odyssey Sims  MIN,G,117000,MIN,F,WNBA
Natasha Cloud  WAS,G,117000,WAS,F,WNBA
Riquna Williams  LA,G,112000,LA,F,WNBA
Seimone Augustus  LA,G,110000,LA,F,WNBA
Renee Montgomery  ATL,G,109200,ATL,F,WNBA
Shenise Johnson  MIN,G,106000,MIN,F,WNBA
Rachel Banham  MIN,G,100000,MIN,F,WNBA
Betnijah Laney  ATL,G,90000,ATL,F,WNBA
Tierra Ruffin-Pratt  LA,G,90000,LA,F,WNBA
Rebecca Allen  NY,G,81600,NY,F,WNBA
Erica Wheeler  IND,G,81600,IND,F,WNBA
Sugar Rodgers  LV,G,80000,LV,F,WNBA
Sydney Colson  CHI,G,70000,CHI,F,WNBA
Kelsey Plum  LV,G,68000,LV,F,WNBA
Chennedy Carter  ATL,G,68000,ATL,F,WNBA
Blake Dietrick  ATL,G,68000,ATL,F,WNBA
Brittney Sykes  LA,G,68000,LA,F,WNBA
Sydney Wiese  LA,G,68000,LA,F,WNBA
Sabrina Ionescu  NY,G,68000,NY,F,WNBA
Marine Johannes  NY,G,68000,NY,F,WNBA
Yvonne Turner  PHX,G,68000,PHX,F,WNBA
Epiphanny Prince  SEA,G,68000,SEA,F,WNBA
Sami Whitcomb  SEA,G,68000,SEA,F,WNBA
Allisha Gray  DAL,G,65779,DAL,F,WNBA
Bella Alarie  DAL,G,65250,DAL,F,WNBA
Tyasha Harris  DAL,G,65250,DAL,F,WNBA
Kitija Laksa  SEA,G,62500,SEA,F,WNBA
Shatori Walker-Kimbrough  PHX,G,60867,PHX,F,WNBA
Te'a Cooper  LA,G,59750,LA,F,WNBA
Crystal Dangerfield  MIN,G,59750,MIN,F,WNBA
Kaila Charles  CON,G,59750,CON,F,WNBA
Kathleen Doyle  IND,G,59750,IND,F,WNBA
Diamond DeShields  CHI,G,58978,CHI,F,WNBA
Kelsey Mitchell  IND,G,58978,IND,F,WNBA
Kennedy Burke  IND,G,57000,IND,F,WNBA
Kiara Leslie  WAS,G,57000,WAS,F,WNBA
Victoria Vivians  IND,G,57000,IND,F,WNBA
Lindsay Allen  LV,G,57000,LV,F,WNBA
Jackie Young  LV,G,57000,LV,F,WNBA
Maite Cazorla  ATL,G,57000,ATL,F,WNBA
Mikayla Pivec  ATL,G,57000,ATL,F,WNBA
Lexie Brown  MIN,G,57000,MIN,F,WNBA
Natisha Hiedeman  CON,G,57000,CON,F,WNBA
Asia Durr  NY,G,57000,NY,F,WNBA
Paris Kea  NY,G,57000,NY,F,WNBA
Kia Nurse  NY,G,57000,NY,F,WNBA
Sophie Cunningham  PHX,G,57000,PHX,F,WNBA
Shey Peddy  PHX,G,57000,PHX,F,WNBA
Marina Mabrey  DAL,G,57000,DAL,F,WNBA
Arike Ogunbowale  DAL,G,57000,DAL,F,WNBA
Katie Lou Samuelson  DAL,G,57000,DAL,F,WNBA
Jordin Canada  SEA,G,57000,SEA,F,WNBA
Ariel Atkins  WAS,G,57000,WAS,F,WNBA
Annika Sorenstam,-,74498.98,-,F,LPGA
Karrie Webb,-,41367.86,-,F,LPGA
Cristie Kerr,-,35741.8,-,F,LPGA
Inbee Park,-,60600.17,-,F,LPGA
Lorena Ochoa,-,84933.32,-,F,LPGA
Suzann Pettersen,-,46954.36,-,F,LPGA
Juli Inkster,-,19709.27,-,F,LPGA
Stacy Lewis,-,47796.23,-,F,LPGA
Se Ri Pak,-,34475.93,-,F,LPGA
Paula Creamer,-,36431.9,-,F,LPGA
Angela Stanford,-,24517.58,-,F,LPGA
Shanshan Feng,-,45298.03,-,F,LPGA
So Yeon Ryu,-,56270.4,-,F,LPGA
Na Yeon Choi,-,40108,-,F,LPGA
Lydia Ko,-,59958.69,-,F,LPGA
Yani Tseng,-,39224.49,-,F,LPGA
Lexi Thompson,-,51824.27,-,F,LPGA
Catriona Matthew,-,17256.95,-,F,LPGA
Amy Yang,-,36370.47,-,F,LPGA
In Kyung Kim,-,35814.25,-,F,LPGA
Sei Young Kim,-,67907.06,-,F,LPGA
Anna Nordqvist,-,35117.11,-,F,LPGA
Laura Davies,-,15946.77,-,F,LPGA
Brittany Lincicome,-,27144.68,-,F,LPGA
Meg Mallon,-,17803.27,-,F,LPGA
Beth Daniel,-,13858.93,-,F,LPGA
Ariya Jutanugarn,-,50306.44,-,F,LPGA
Mi Hyun Kim,-,27023.55,-,F,LPGA
Rosie Jones,-,14683.78,-,F,LPGA
Ai Miyazato,-,32304.92,-,F,LPGA
Morgan Pressel,-,22644.54,-,F,LPGA
Betsy King,-,10076.02,-,F,LPGA
Candie Kung,-,18061.15,-,F,LPGA
Eun-Hee Ji,-,23339,-,F,LPGA
Hee-Won Han,-,21604.86,-,F,LPGA
Brooke M. Henderson,-,52085.24,-,F,LPGA
Brittany Lang,-,18928.52,-,F,LPGA
Pat Hurst,-,15528.78,-,F,LPGA
Lorie Kane,-,15660.02,-,F,LPGA
Dottie Pepper,-,18303.71,-,F,LPGA
Michelle Wie,-,27096.05,-,F,LPGA
Minjee Lee,-,43992.35,-,F,LPGA
Jeong Jang,-,21615.64,-,F,LPGA
Azahara Munoz,-,23727.54,-,F,LPGA
Maria McBride,-,15224.33,-,F,LPGA
Sophie Gustafson,-,18595.42,-,F,LPGA
Jiyai Shin,-,45210.79,-,F,LPGA
Danielle Kang,-,28887.67,-,F,LPGA
Sherri Steinhauer,-,9412.57,-,F,LPGA
Christina Kim,-,13320.57,-,F,LPGA
Chella Choi,-,20002.45,-,F,LPGA
Liselotte Neumann,-,12490.58,-,F,LPGA
Carlota Ciganda,-,32406.06,-,F,LPGA
Pat Bradley,-,8293.88,-,F,LPGA
Kelly Robbins,-,17284.94,-,F,LPGA
Rachel Hetherington,-,16757.06,-,F,LPGA
Michele Redman,-,12466.41,-,F,LPGA
Jessica Korda,-,29342.63,-,F,LPGA
Helen Alfredsson,-,14362.13,-,F,LPGA
Katherine Kirk,-,14353.06,-,F,LPGA
Hee Young Park,-,18259.23,-,F,LPGA
Patty Sheehan,-,12616.5,-,F,LPGA
Sung Hyun Park,-,68933.11,-,F,LPGA
Grace Park,-,23349.07,-,F,LPGA
Lizette Salas,-,27051.73,-,F,LPGA
Laura Diaz,-,13889.7,-,F,LPGA
Karine Icher,-,15184.86,-,F,LPGA
Nancy Lopez,-,11567.12,-,F,LPGA
Sun Young Yoo,-,16433.95,-,F,LPGA
Mi Jung Hur,-,20089.26,-,F,LPGA
Wendy Ward,-,12038.08,-,F,LPGA
Meena Lee,-,16708.82,-,F,LPGA
Natalie Gulbis,-,14578.89,-,F,LPGA
Moriya Jutanugarn,-,22379.7,-,F,LPGA
Mirim Lee,-,30944.04,-,F,LPGA
Brandie Burton,-,11386.01,-,F,LPGA
Jenny Shin,-,18914.5,-,F,LPGA
Carin Hjalmarsson,-,13097.14,-,F,LPGA
Sandra Gal,-,15006.9,-,F,LPGA
Julieta Granada,-,14232.58,-,F,LPGA
Hyo Joo Kim,-,33440,-,F,LPGA
Pornanong Phatlum,-,16909.25,-,F,LPGA
Seon Hwa Lee,-,21868.38,-,F,LPGA
Tammie Green,-,10458.41,-,F,LPGA
In Gee Chun,-,37721.97,-,F,LPGA
Mika Miyazato,-,21658.95,-,F,LPGA
Karen Stupples,-,12549.06,-,F,LPGA
Jin Young Ko,-,67808.6,-,F,LPGA
Gerina Piller,-,19915.24,-,F,LPGA
Caroline Masson,-,19091.18,-,F,LPGA
Charley Hull,-,30682.29,-,F,LPGA
Jane Geddes,-,8350.45,-,F,LPGA
Austin Ernst,-,19591.93,-,F,LPGA
Nelly Korda,-,47045.37,-,F,LPGA
Jee Young Lee,-,18317.32,-,F,LPGA
Janice Moodie,-,11312.36,-,F,LPGA
Mi Hyang Lee,-,18950.67,-,F,LPGA
Song-Hee Kim,-,27208.8,-,F,LPGA
Christa Johnson,-,5554.75,-,F,LPGA
Danielle Ammaccapane,-,8167.85,-,F,LPGA
Kevin Love  CLE,C,31258256,CLE,M,NBA
Joel Embiid  PHI,C,29542010,PHI,M,NBA
Karl-Anthony Towns  MIN,C,29467800,MIN,M,NBA
Andre Drummond  CLE,C,28751775,CLE,M,NBA
Nikola Jokic  DEN,C,28542009,DEN,M,NBA
Steven Adams  OKC,C,27528090,OKC,M,NBA
Al Horford  PHI,C,27500000,PHI,M,NBA
Nikola Vucevic  ORL,C,26000000,ORL,M,NBA
Rudy Gobert  UTH,C,25775281,UTH,M,NBA
Domantas Sabonis  IND,C,18500000,IND,M,NBA
Myles Turner  IND,C,17500000,IND,M,NBA
Gorgui Dieng  MEM,C,17287640,MEM,M,NBA
Clint Capela  ATL,C,16000000,ATL,M,NBA
Cody Zeller  CHA,C,15415730,CHA,M,NBA
Jonas Valanciunas  MEM,C,15000000,MEM,M,NBA
Dewayne Dedmon  ATL,C,13333333,ATL,M,NBA
Jusuf Nurkic  POR,C,12888889,POR,M,NBA
Brook Lopez  MIL,C,12697675,MIL,M,NBA
Kelly Olynyk  MIA,C,12198244,MIA,M,NBA
DeAndre Jordan  BKN,C,10375678,BKN,M,NBA
Deandre Ayton  PHX,C,10018200,PHX,M,NBA
Thomas Bryant  WAS,C,8333333,WAS,M,NBA
Ivica Zubac  LAC,C,7000000,LAC,M,NBA
Mohamed Bamba  ORL,C,5969040,ORL,M,NBA
Zach Collins  POR,C,5406255,POR,M,NBA
Edrice Adebayo  MIA,C,5115492,MIA,M,NBA
Jaxson Hayes  NOP,C,5105160,NOP,M,NBA
Enes Kanter  BOS,C,5005350,BOS,M,NBA
Robin Lopez  MIL,C,5005350,MIL,M,NBA
Kevon Looney  GSW,C,4821429,GSW,M,NBA
JaVale McGee  LAL,C,4200000,LAL,M,NBA
Jarrett Allen  BKN,C,3909902,BKN,M,NBA
Tony Bradley  UTH,C,3542060,UTH,M,NBA
Boban Marjanovic  DAL,C,3500000,DAL,M,NBA
Khem Birch  ORL,C,3000000,ORL,M,NBA
Goga Bitadze  IND,C,2957520,IND,M,NBA
Vincent Poirier  BOS,C,2619207,BOS,M,NBA
Willie Cauley-Stein  DAL,C,2286357,DAL,M,NBA
Mfiondu Kabengele  LAC,C,2075880,LAC,M,NBA
Robert Williams  BOS,C,2029920,BOS,M,NBA
Jordan Bell  CLE,C,1762796,CLE,M,NBA
Mitchell Robinson  NYK,C,1663861,NYK,M,NBA
Dewan Hernandez  TOR,C,1517981,TOR,M,NBA
Bruno Fernando  ATL,C,1517981,ATL,M,NBA
Anzejs Pasecniks  WAS,C,1517981,WAS,M,NBA
Nicolas Claxton  BKN,C,1517981,BKN,M,NBA
LeBron James  LAL,F,39219565,LAL,M,NBA
Kevin Durant  BKN,F,39058950,BKN,M,NBA
Blake Griffin  DET,F,36595996,DET,M,NBA
Paul George  LAC,F,35450412,LAC,M,NBA
Kawhi Leonard  LAC,F,34379100,LAC,M,NBA
Tobias Harris  PHI,F,34358850,PHI,M,NBA
Gordon Hayward  BOS,F,34187085,BOS,M,NBA
Khris Middleton  MIL,F,33051724,MIL,M,NBA
Pascal Siakam  TOR,F,30559200,TOR,M,NBA
Andrew Wiggins  GSW,F,29542010,GSW,M,NBA
Kristaps Porzingis  DAL,F,29467800,DAL,M,NBA
Otto Porter Jr.  CHI,F,28489238,CHI,M,NBA
Giannis Antetokounmpo  MIL,F,27528090,MIL,M,NBA
LaMarcus Aldridge  SAS,F,24000000,SAS,M,NBA
Draymond Green  GSW,F,22246956,GSW,M,NBA
Harrison Barnes  SAC,F,22215909,SAC,M,NBA
Julius Randle  NYK,F,18900000,NYK,M,NBA
Aaron Gordon  ORL,F,18136364,ORL,M,NBA
Bojan Bogdanovic  UTH,F,17850000,UTH,M,NBA
James Johnson  MIN,F,15827100,MIN,M,NBA
Bobby Portis  NYK,F,15750000,NYK,M,NBA
Andre Iguodala  MIA,F,15000000,MIA,M,NBA
Kelly Oubre Jr.  PHX,F,14375000,PHX,M,NBA
Rudy Gay  SAS,F,14000000,SAS,M,NBA
Thaddeus Young  CHI,F,13545000,CHI,M,NBA
Justise Winslow  MEM,F,13000000,MEM,M,NBA
Trevor Ariza  POR,F,12800000,POR,M,NBA
Taurean Prince  BKN,F,12250000,BKN,M,NBA
Robert Covington  HOU,F,12138345,HOU,M,NBA
T.J. Warren  IND,F,11750000,IND,M,NBA
Larry Nance Jr.  CLE,F,11709091,CLE,M,NBA
Dillon Brooks  MEM,F,11400000,MEM,M,NBA
Dwight Powell  DAL,F,11080125,DAL,M,NBA
Josh Richardson  PHI,F,10865952,PHI,M,NBA
Joe Ingles  UTH,F,10863637,UTH,M,NBA
Zion Williamson  NOP,F,10245480,NOP,M,NBA
Jayson Tatum  BOS,F,9897120,BOS,M,NBA
Al-Farouq Aminu  ORL,F,9720900,ORL,M,NBA
Kyle Anderson  MEM,F,9505100,MEM,M,NBA
Taj Gibson  NYK,F,9450000,NYK,M,NBA
Jerami Grant  DEN,F,9346153,DEN,M,NBA
Marvin Bagley III  SAC,F,8963640,SAC,M,NBA
Cedi Osman  CLE,F,8840909,CLE,M,NBA
Royce O'Neale  UTH,F,8500000,UTH,M,NBA
Maxi Kleber  DAL,F,8250000,DAL,M,NBA
R.J. Barrett  NYK,F,8231760,NYK,M,NBA
P.J. Tucker  HOU,F,7969537,HOU,M,NBA
Cristiano Felicio  CHI,F,7529020,CHI,M,NBA
De'Andre Hunter  ATL,F,7422000,ATL,M,NBA
Jonathan Isaac  ORL,F,7362566,ORL,M,NBA
Doug McDermott  IND,F,7333333,IND,M,NBA
Jaren Jackson Jr.  MEM,F,7257360,MEM,M,NBA
Nemanja Bjelica  SAC,F,7150000,SAC,M,NBA
Ersan Ilyasova  MIL,F,7000000,MIL,M,NBA
Darius Miller  NOP,F,7000000,NOP,M,NBA
Lauri Markkanen  CHI,F,6731508,CHI,M,NBA
Jabari Parker  SAC,F,6500000,SAC,M,NBA
Jarrett Culver  MIN,F,6104280,MIN,M,NBA
Trey Lyles  SAS,F,5500000,SAS,M,NBA
Wendell Carter Jr.  CHI,F,5448840,CHI,M,NBA
Justin Jackson  DAL,F,5029650,DAL,M,NBA
Ed Davis  UTH,F,5005350,UTH,M,NBA
Mike Scott  PHI,F,5005350,PHI,M,NBA
Frank Kaminsky  PHX,F,5005350,PHX,M,NBA
Richaun Holmes  SAC,F,5005350,SAC,M,NBA
JaMychal Green  LAC,F,5005350,LAC,M,NBA
Daniel Theis  BOS,F,5000000,BOS,M,NBA
Rui Hachimura  WAS,F,4692840,WAS,M,NBA
Kevin Knox  NYK,F,4588680,NYK,M,NBA
DJ Wilson  MIL,F,4548280,MIL,M,NBA
Cam Reddish  ATL,F,4458000,ATL,M,NBA
Mikal Bridges  PHX,F,4359000,PHX,M,NBA
TJ Leaf  IND,F,4326825,IND,M,NBA
Cameron Johnson  PHX,F,4235160,PHX,M,NBA
John Collins  ATL,F,4137302,ATL,M,NBA
PJ Washington  CHA,F,4023600,CHA,M,NBA
Dorian Finney-Smith  DAL,F,4000000,DAL,M,NBA
Miles Bridges  CHA,F,3934320,CHA,M,NBA
Nicolo Melli  NOP,F,3897436,NOP,M,NBA
OG Anunoby  TOR,F,3872215,TOR,M,NBA
Stanley Johnson  TOR,F,3804150,TOR,M,NBA
Jake Layman  MIN,F,3761085,MIN,M,NBA
Danuel House  HOU,F,3717000,HOU,M,NBA
Romeo Langford  BOS,F,3631200,BOS,M,NBA
Kyle Kuzma  LAL,F,3562178,LAL,M,NBA
Michael Porter Jr.  DEN,F,3550800,DEN,M,NBA
Sekou Doumbouya  DET,F,3449400,DET,M,NBA
Troy Brown Jr.  WAS,F,3372840,WAS,M,NBA
Luka Samanic  SAS,F,2824320,SAS,M,NBA
Matisse Thybulle  PHI,F,2711280,PHI,M,NBA
Brandon Clarke  MEM,F,2602920,MEM,M,NBA
Grant Williams  BOS,F,2498760,BOS,M,NBA
Chandler Hutchison  CHI,F,2443440,CHI,M,NBA
Darius Bazley  OKC,F,2399160,OKC,M,NBA
Mike Muscala  OKC,F,2283034,OKC,M,NBA
Luke Kornet  CHI,F,2250000,CHI,M,NBA
Nassir Little  POR,F,2210640,POR,M,NBA
Moritz Wagner  WAS,F,2161920,WAS,M,NBA
Dylan Windler  CLE,F,2137440,CLE,M,NBA
James Ennis  ORL,F,2130023,ORL,M,NBA
Stephen Curry  GSW,G,43006362,GSW,M,NBA
Chris Paul  OKC,G,41358814,OKC,M,NBA
Russell Westbrook  HOU,G,41358814,HOU,M,NBA
John Wall  WAS,G,41254920,WAS,M,NBA
James Harden  HOU,G,41254920,HOU,M,NBA
Klay Thompson  GSW,G,35361360,GSW,M,NBA
Mike Conley  UTH,G,34502130,UTH,M,NBA
Jimmy Butler  MIA,G,34379100,MIA,M,NBA
Kemba Walker  BOS,G,34379100,BOS,M,NBA
Kyrie Irving  BKN,G,33329100,BKN,M,NBA
Damian Lillard  POR,G,31626953,POR,M,NBA
Ben Simmons  PHI,G,30559200,PHI,M,NBA
Kyle Lowry  TOR,G,30000000,TOR,M,NBA
Devin Booker  PHX,G,29467800,PHX,M,NBA
C.J. McCollum  POR,G,29354152,POR,M,NBA
Bradley Beal  WAS,G,28751775,WAS,M,NBA
D'Angelo Russell  MIN,G,28649250,MIN,M,NBA
DeMar DeRozan  SAS,G,27739975,SAS,M,NBA
Jamal Murray  DEN,G,27285000,DEN,M,NBA
Nicolas Batum  CHA,G,27130435,CHA,M,NBA
Jrue Holiday  NOP,G,25396111,NOP,M,NBA
Buddy Hield  SAC,G,24431818,SAC,M,NBA
Jaylen Brown  BOS,G,22883929,BOS,M,NBA
Victor Oladipo  IND,G,21000000,IND,M,NBA
Malcolm Brogdon  IND,G,20700000,IND,M,NBA
Zach LaVine  CHI,G,19500000,CHI,M,NBA
Gary Harris  DEN,G,19160714,DEN,M,NBA
Tim Hardaway Jr.  DAL,G,18975000,DAL,M,NBA
Terry Rozier  CHA,G,18900000,CHA,M,NBA
Evan Fournier  ORL,G,17000000,ORL,M,NBA
Ricky Rubio  PHX,G,17000000,PHX,M,NBA
Eric Bledsoe  MIL,G,16875000,MIL,M,NBA
Eric Gordon  HOU,G,16869276,HOU,M,NBA
Caris LeVert  BKN,G,16203704,BKN,M,NBA
Dennis Schröder  OKC,G,15500000,OKC,M,NBA
Danny Green  LAL,G,15365854,LAL,M,NBA
Dejounte Murray  SAS,G,14286000,SAS,M,NBA
Will Barton  DEN,G,13723214,DEN,M,NBA
Terrence Ross  ORL,G,13500000,ORL,M,NBA
Patrick Beverley  LAC,G,13333333,LAC,M,NBA
Patrick Mills  SAS,G,13285714,SAS,M,NBA
J.J. Redick  NOP,G,13013700,NOP,M,NBA
Marcus Smart  BOS,G,12946428,BOS,M,NBA
Cory Joseph  SAC,G,12600000,SAC,M,NBA
Markelle Fultz  ORL,G,12288697,ORL,M,NBA
Tony Snell  DET,G,12178571,DET,M,NBA
Spencer Dinwiddie  BKN,G,11454048,BKN,M,NBA
Lonzo Ball  NOP,G,11003782,NOP,M,NBA
Norman Powell  TOR,G,10865952,TOR,M,NBA
Jeremy Lamb  IND,G,10500000,IND,M,NBA
Tomas Satoransky  CHI,G,10000000,CHI,M,NBA
George Hill  MIL,G,9590602,MIL,M,NBA
Ja Morant  MEM,G,9166800,MEM,M,NBA
Dante Exum  CLE,G,9100000,CLE,M,NBA
Delon Wright  DAL,G,9000000,DAL,M,NBA
De'Aaron Fox  SAC,G,8099627,SAC,M,NBA
Luka Doncic  DAL,G,8049360,DAL,M,NBA
Wayne Ellington  NYK,G,8000000,NYK,M,NBA
Elfrid Payton  NYK,G,8000000,NYK,M,NBA
Louis Williams  LAC,G,8000000,LAC,M,NBA
Tyus Jones  MEM,G,7965100,MEM,M,NBA
Seth Curry  DAL,G,7834449,DAL,M,NBA
Derrick Rose  DET,G,7682927,DET,M,NBA
Darius Garland  CLE,G,6720720,CLE,M,NBA
Trae Young  ATL,G,6571800,ATL,M,NBA
Frank Ntilikina  NYK,G,6176578,NYK,M,NBA
Rodney Hood  POR,G,6003900,POR,M,NBA
Ishmael Smith  WAS,G,6000000,WAS,M,NBA
Dennis Smith Jr.  NYK,G,5686677,NYK,M,NBA
Coby White  CHI,G,5572680,CHI,M,NBA
Malik Monk  CHA,G,5345687,CHA,M,NBA
Luke Kennard  DET,G,5273826,DET,M,NBA
Donovan Mitchell  UTH,G,5195501,UTH,M,NBA
Rodney McGruder  LAC,G,5192307,LAC,M,NBA
Avery Bradley  LAL,G,5005350,LAL,M,NBA
Garrett Temple  BKN,G,5005350,BKN,M,NBA
Collin Sexton  CLE,G,4991880,CLE,M,NBA
Reggie Bullock  NYK,G,4200000,NYK,M,NBA
Shai Gilgeous-Alexander  OKC,G,4141320,OKC,M,NBA
Patrick McCaw  TOR,G,4000000,TOR,M,NBA
Terrance Ferguson  OKC,G,3944013,OKC,M,NBA
Tyler Herro  MIA,G,3822240,MIA,M,NBA
Jerome Robinson  WAS,G,3737520,WAS,M,NBA
Derrick White  SAS,G,3516284,SAS,M,NBA
T.J. McConnell  IND,G,3500000,IND,M,NBA
Josh Hart  NOP,G,3491159,NOP,M,NBA
Zhaire Smith  PHI,G,3204600,PHI,M,NBA
Nickeil Alexander-Walker  NOP,G,3113160,NOP,M,NBA
Donte DiVincenzo  MIL,G,3044160,MIL,M,NBA
Quinn Cook  LAL,G,3000000,LAL,M,NBA
Ryan Arcidiacono  CHI,G,3000000,CHI,M,NBA
Lonnie Walker IV  SAS,G,2892000,SAS,M,NBA
Josh Okogie  MIN,G,2771040,MIN,M,NBA
Kevin Huerter  ATL,G,2761920,ATL,M,NBA
Alex Caruso  LAL,G,2750000,LAL,M,NBA
Marko Guduric  MEM,G,2750000,MEM,M,NBA
Wesley Matthews  MIL,G,2692991,MIL,M,NBA
Grayson Allen  MEM,G,2545320,MEM,M,NBA
Austin Rivers  HOU,G,2369663,HOU,M,NBA
Aaron Holiday  IND,G,2345640,IND,M,NBA
Serena Williams,Singles,4071085.52,-,F,WTA
Venus Williams,Singles,5994040.57,-,F,WTA
Maria Sharapova,Singles,7755592.4,-,F,WTA
Simona Halep,Singles,18522955.5,-,F,WTA
Caroline Wozniacki,Singles,35233415,-,F,WTA
Petra Kvitova,Singles,16286302,-,F,WTA
Victoria Azarenka,Singles,16173644,-,F,WTA
Angelique Kerber,Singles,9951326,-,F,WTA
Svetlana Kuznetsova,Singles,12741800,-,F,WTA
Martina Hingis,Singles,4949814.8,-,F,WTA
Kim Clijsters,Singles,6130673.75,-,F,WTA
Lindsay Davenport,Singles,7388779.33,-,F,WTA
Steffi Graf,Singles,995239.86,-,F,WTA
Martina Navratilova,Singles,1201449.39,-,F,WTA
GarbiÑe Muguruza,Singles,10579900.5,-,F,WTA
Justine Henin,Singles,2980476.43,-,F,WTA
Samantha Stosur,Singles,19037221,-,F,WTA
Naomi Osaka,Singles,5923411.33,-,F,WTA
Ashleigh Barty,Singles,17594569,-,F,WTA
Arantxa Sanchez-vicario,Singles,4235660,-,F,WTA
Na Li,Singles,8354537,-,F,WTA
Sloane Stephens,Singles,15559105,-,F,WTA
Ana Ivanovic,Singles,15510787,-,F,WTA
AmÉlie Mauresmo,Singles,7511238,-,F,WTA
Monica Seles,Singles,1654640.22,-,F,WTA
Flavia Pennetta,Singles,14197886,-,F,WTA
Conchita MartÍnez,Singles,11527977,-,F,WTA
Francesca Schiavone,Singles,11324245,-,F,WTA
Jennifer Capriati,Singles,3402213,-,F,WTA
Mary Pierce,Singles,4896559.5,-,F,WTA
Jelena Ostapenko,Singles,9074100,-,F,WTA
Chris Evert,Singles,494233.06,-,F,WTA
Sofia Kenin,Singles,7221702,-,F,WTA
Bianca Andreescu,Singles,6720038,-,F,WTA
Anastasia Myskina,Singles,5606725,-,F,WTA
